{"textures": {"0": "bettermodel/item/musharna_musharna", "particle": "bettermodel/item/musharna_musharna"}, "elements": [{"from": [6.0, 14.65406, 4.0753803], "to": [8.0, 16.65406, 6.0753803], "faces": {"north": {"uv": [10.758, 10.258, 11.242, 10.742], "tintindex": 0, "texture": "#0"}, "east": {"uv": [10.758, 10.758, 11.242, 11.242], "tintindex": 0, "texture": "#0"}, "south": {"uv": [1.008, 11.008, 1.492, 11.492], "tintindex": 0, "texture": "#0"}, "west": {"uv": [1.508, 11.008, 1.992, 11.492], "tintindex": 0, "texture": "#0"}, "up": {"uv": [2.492, 11.492, 2.008, 11.008], "tintindex": 0, "texture": "#0"}, "down": {"uv": [2.992, 11.008, 2.508, 11.492], "tintindex": 0, "texture": "#0"}}, "rotation": {"angle": 45.0, "axis": "x", "origin": [7.5, 11.15406, 6.5753803]}}, {"from": [6.0, 9.65406, 4.0753803], "to": [8.0, 14.65406, 8.07538], "faces": {"north": {"uv": [3.508, 9.258, 3.992, 10.492], "tintindex": 0, "texture": "#0"}, "east": {"uv": [8.258, 2.008, 9.242, 3.242], "tintindex": 0, "texture": "#0"}, "south": {"uv": [6.508, 9.258, 6.992, 10.492], "tintindex": 0, "texture": "#0"}, "west": {"uv": [8.258, 3.258, 9.242, 4.492], "tintindex": 0, "texture": "#0"}, "up": {"uv": [1.992, 10.992, 1.508, 10.008], "tintindex": 0, "texture": "#0"}, "down": {"uv": [2.492, 10.008, 2.008, 10.992], "tintindex": 0, "texture": "#0"}}, "rotation": {"angle": 45.0, "axis": "x", "origin": [7.5, 11.15406, 6.5753803]}}, {"from": [6.0, 9.65406, 8.07538], "to": [8.0, 11.15406, 9.97538], "faces": {"north": {"uv": [7.008, 11.008, 7.492, 11.242], "tintindex": 0, "texture": "#0"}, "east": {"uv": [11.008, 8.258, 11.492, 8.492], "tintindex": 0, "texture": "#0"}, "south": {"uv": [11.008, 8.508, 11.492, 8.742], "tintindex": 0, "texture": "#0"}, "west": {"uv": [11.008, 8.758, 11.492, 8.992], "tintindex": 0, "texture": "#0"}, "up": {"uv": [3.492, 11.492, 3.008, 11.008], "tintindex": 0, "texture": "#0"}, "down": {"uv": [4.492, 11.008, 4.008, 11.492], "tintindex": 0, "texture": "#0"}}, "rotation": {"angle": 45.0, "axis": "x", "origin": [7.5, 11.15406, 6.5753803]}}, {"from": [7.0, 7.5, 7.0], "to": [10.0, 11.5, 13.0], "faces": {"north": {"uv": [0.008, 9.258, 0.742, 10.242], "tintindex": 0, "texture": "#0"}, "east": {"uv": [8.258, 0.008, 9.742, 0.992], "tintindex": 0, "texture": "#0"}, "south": {"uv": [0.758, 9.258, 1.492, 10.242], "tintindex": 0, "texture": "#0"}, "west": {"uv": [8.258, 1.008, 9.742, 1.992], "tintindex": 0, "texture": "#0"}, "up": {"uv": [7.742, 9.992, 7.008, 8.508], "tintindex": 0, "texture": "#0"}, "down": {"uv": [8.492, 8.508, 7.758, 9.992], "tintindex": 0, "texture": "#0"}}}, {"from": [8.00092, 8.5, 11.0], "to": [10.000919, 11.5, 15.0], "faces": {"north": {"uv": [8.008, 10.008, 8.492, 10.742], "tintindex": 0, "texture": "#0"}, "east": {"uv": [1.508, 9.258, 2.492, 9.992], "tintindex": 0, "texture": "#0"}, "south": {"uv": [1.008, 10.258, 1.492, 10.992], "tintindex": 0, "texture": "#0"}, "west": {"uv": [9.258, 2.008, 10.242, 2.742], "tintindex": 0, "texture": "#0"}, "up": {"uv": [2.992, 10.992, 2.508, 10.008], "tintindex": 0, "texture": "#0"}, "down": {"uv": [3.492, 10.008, 3.008, 10.992], "tintindex": 0, "texture": "#0"}}, "rotation": {"angle": -45.0, "axis": "x", "origin": [8.5, 10.5, 12.0]}}, {"from": [8.0, 11.22843, 13.41421], "to": [10.0, 13.32843, 18.414211], "faces": {"north": {"uv": [10.758, 7.758, 11.242, 8.242], "tintindex": 0, "texture": "#0"}, "east": {"uv": [9.258, 8.258, 10.492, 8.742], "tintindex": 0, "texture": "#0"}, "south": {"uv": [10.758, 9.258, 11.242, 9.742], "tintindex": 0, "texture": "#0"}, "west": {"uv": [9.258, 8.758, 10.492, 9.242], "tintindex": 0, "texture": "#0"}, "up": {"uv": [9.742, 10.492, 9.258, 9.258], "tintindex": 0, "texture": "#0"}, "down": {"uv": [10.242, 0.008, 9.758, 1.242], "tintindex": 0, "texture": "#0"}}}, {"from": [7.00092, 8.200001, 7.5], "to": [9.00092, 11.200001, 9.5], "faces": {"north": {"uv": [10.258, 3.008, 10.742, 3.742], "tintindex": 0, "texture": "#0"}, "east": {"uv": [10.258, 3.758, 10.742, 4.492], "tintindex": 0, "texture": "#0"}, "south": {"uv": [10.258, 4.508, 10.742, 5.242], "tintindex": 0, "texture": "#0"}, "west": {"uv": [10.258, 9.258, 10.742, 9.992], "tintindex": 0, "texture": "#0"}, "up": {"uv": [11.242, 10.242, 10.758, 9.758], "tintindex": 0, "texture": "#0"}, "down": {"uv": [10.742, 10.758, 10.258, 11.242], "tintindex": 0, "texture": "#0"}}, "rotation": {"angle": 22.5, "axis": "x", "origin": [8.0, 10.0, 8.0]}}, {"from": [7.0, 9.900002, 8.0], "to": [9.0, 11.299999, 13.0], "faces": {"north": {"uv": [9.258, 4.258, 9.742, 4.492], "tintindex": 0, "texture": "#0"}, "east": {"uv": [10.508, 9.008, 11.742, 9.242], "tintindex": 0, "texture": "#0"}, "south": {"uv": [6.508, 11.008, 6.992, 11.242], "tintindex": 0, "texture": "#0"}, "west": {"uv": [10.758, 5.008, 11.992, 5.242], "tintindex": 0, "texture": "#0"}, "up": {"uv": [4.492, 10.992, 4.008, 9.758], "tintindex": 0, "texture": "#0"}, "down": {"uv": [10.242, 4.258, 9.758, 5.492], "tintindex": 0, "texture": "#0"}}}, {"from": [7.0, 10.0, 12.7], "to": [9.0, 13.0, 16.2], "faces": {"north": {"uv": [9.758, 10.258, 10.242, 10.992], "tintindex": 0, "texture": "#0"}, "east": {"uv": [2.508, 9.258, 3.492, 9.992], "tintindex": 0, "texture": "#0"}, "south": {"uv": [10.258, 10.008, 10.742, 10.742], "tintindex": 0, "texture": "#0"}, "west": {"uv": [9.258, 2.758, 10.242, 3.492], "tintindex": 0, "texture": "#0"}, "up": {"uv": [5.742, 10.992, 5.258, 10.008], "tintindex": 0, "texture": "#0"}, "down": {"uv": [6.242, 10.008, 5.758, 10.992], "tintindex": 0, "texture": "#0"}}, "rotation": {"angle": -45.0, "axis": "x", "origin": [8.0, 10.299999, 13.0]}}, {"from": [7.1, 7.0, 4.0], "to": [8.9, 9.0, 8.0], "faces": {"north": {"uv": [0.508, 10.758, 0.992, 11.242], "tintindex": 0, "texture": "#0"}, "east": {"uv": [6.508, 4.508, 7.492, 4.992], "tintindex": 0, "texture": "#0"}, "south": {"uv": [7.758, 10.758, 8.242, 11.242], "tintindex": 0, "texture": "#0"}, "west": {"uv": [9.758, 7.758, 10.742, 8.242], "tintindex": 0, "texture": "#0"}, "up": {"uv": [7.492, 8.492, 7.008, 7.508], "tintindex": 0, "texture": "#0"}, "down": {"uv": [10.242, 9.258, 9.758, 10.242], "tintindex": 0, "texture": "#0"}}}, {"from": [7.0, 6.5, 1.1000004], "to": [10.0, 11.5, 4.1000004], "faces": {"north": {"uv": [8.508, 8.508, 9.242, 9.742], "tintindex": 0, "texture": "#0"}, "east": {"uv": [9.008, 4.508, 9.742, 5.742], "tintindex": 0, "texture": "#0"}, "south": {"uv": [9.008, 5.758, 9.742, 6.992], "tintindex": 0, "texture": "#0"}, "west": {"uv": [9.008, 7.008, 9.742, 8.242], "tintindex": 0, "texture": "#0"}, "up": {"uv": [10.492, 1.992, 9.758, 1.258], "tintindex": 0, "texture": "#0"}, "down": {"uv": [5.242, 9.758, 4.508, 10.492], "tintindex": 0, "texture": "#0"}}, "rotation": {"angle": -22.5, "axis": "x", "origin": [8.5, 8.5, 2.5]}}, {"from": [2.9473686, -8.0, 2.9473686], "to": [13.052631, 13.894737, 13.052631], "faces": {"north": {"uv": [16, 0, 16, 0], "tintindex": 0, "texture": "#0"}, "east": {"uv": [16, 0, 16, 0], "tintindex": 0, "texture": "#0"}, "south": {"uv": [16, 0, 16, 0], "tintindex": 0, "texture": "#0"}, "west": {"uv": [16, 0, 16, 0], "tintindex": 0, "texture": "#0"}, "up": {"uv": [16, 0, 16, 0], "tintindex": 0, "texture": "#0"}, "down": {"uv": [16, 0, 16, 0], "tintindex": 0, "texture": "#0"}}}, {"from": [3.9099998, 3.44975, 9.68837], "to": [12.1, 13.049749, 19.28837], "faces": {"north": {"uv": [2.508, 0.008, 4.492, 2.492], "tintindex": 0, "texture": "#0"}, "east": {"uv": [0.008, 0.008, 2.492, 2.492], "tintindex": 0, "texture": "#0"}, "south": {"uv": [2.508, 2.508, 4.492, 4.992], "tintindex": 0, "texture": "#0"}, "west": {"uv": [0.008, 2.508, 2.492, 4.992], "tintindex": 0, "texture": "#0"}, "up": {"uv": [6.492, 2.492, 4.508, 0.008], "tintindex": 0, "texture": "#0"}, "down": {"uv": [6.492, 2.508, 4.508, 4.992], "tintindex": 0, "texture": "#0"}}, "rotation": {"angle": 45.0, "axis": "x", "origin": [7.90808, 9.0, 11.78837]}}, {"from": [3.90808, 3.3485298, 6.26705], "to": [12.10808, 13.34853, 13.167049],